Letterboxd URI,Duração (min),Data  na Watchlist
https://boxd.it/2ar0,125,1/21/2018
https://boxd.it/43aU,144,1/21/2018
https://boxd.it/8wjk,106,1/21/2018
https://boxd.it/bY7s,100,1/21/2018
https://boxd.it/5a9m,128,1/21/2018
https://boxd.it/2TT4,158,2/7/2018
https://boxd.it/71a,149,7/22/2018
https://boxd.it/eqFw,109,7/22/2018
https://boxd.it/3mDa,108,8/21/2018
https://boxd.it/2D2e,134,8/21/2018
https://boxd.it/fBkw,96,9/22/2018
https://boxd.it/bDw2,107,9/22/2018
https://boxd.it/hq92,117,9/22/2018
https://boxd.it/fd1q,94,10/29/2018
https://boxd.it/75Y4,106,12/17/2018
https://boxd.it/aNYI,112,12/17/2018
https://boxd.it/28HK,122,12/18/2018
https://boxd.it/1Ug6,120,12/18/2018
https://boxd.it/d3bc,116,12/21/2018
https://boxd.it/bgbA,118,12/21/2018
https://boxd.it/hdJw,115,5/13/2019
https://boxd.it/9ALu,100,6/22/2019
https://boxd.it/8gw8,188,6/23/2019
https://boxd.it/28PE,117,7/22/2019
https://boxd.it/103U,106,7/22/2019
https://boxd.it/hI40,111,8/18/2019
https://boxd.it/eJTW,108,8/18/2019
https://boxd.it/gjaA,121,10/14/2019
https://boxd.it/7TTS,115,11/1/2019
https://boxd.it/aPvo,103,12/16/2019
https://boxd.it/5xlK,142,12/18/2019
https://boxd.it/1PVy,103,12/19/2019
https://boxd.it/d2hI,119,12/26/2019
https://boxd.it/8Nhq,100,1/2/2020
https://boxd.it/1ZuW,147,1/16/2020
https://boxd.it/fjf4,102,1/16/2020
https://boxd.it/15pc,124,1/16/2020
https://boxd.it/8KPu,127,2/9/2020
https://boxd.it/29FA,145,3/24/2020
https://boxd.it/29OM,150,3/24/2020
https://boxd.it/5bdk,111,3/24/2020
https://boxd.it/bj1I,110,3/24/2020
https://boxd.it/g76Q,121,3/24/2020
https://boxd.it/k4r0,93,3/24/2020
https://boxd.it/gBtA,151,3/24/2020
https://boxd.it/cPX2,163,3/24/2020
https://boxd.it/2aN6,162,4/12/2020
https://boxd.it/2agG,189,4/12/2020
https://boxd.it/2b2q,134,4/12/2020
https://boxd.it/1Xji,73,4/12/2020
https://boxd.it/20U2,86,4/12/2020
https://boxd.it/38EI,93,4/12/2020
https://boxd.it/26Hy,150,4/12/2020
https://boxd.it/1Xh2,109,4/12/2020
https://boxd.it/1zO2,108,4/12/2020
https://boxd.it/2nIy,125,4/12/2020
https://boxd.it/3m4k,118,4/12/2020
https://boxd.it/a84k,129,4/12/2020
https://boxd.it/JwK,120,4/12/2020
https://boxd.it/edAy,112,4/12/2020
https://boxd.it/cnBi,90,4/14/2020
https://boxd.it/7ZkO,83,4/14/2020
https://boxd.it/oc5Y,120,4/25/2020
https://boxd.it/1XVc,131,6/15/2020
https://boxd.it/e4fG,122,6/20/2020
https://boxd.it/eSig,119,6/20/2020
https://boxd.it/ce74,153,6/20/2020
https://boxd.it/H4a,97,7/1/2020
https://boxd.it/cY7Y,132,7/1/2020
https://boxd.it/28MA,151,7/7/2020
https://boxd.it/1Ws4,110,7/9/2020
https://boxd.it/4pDO,100,7/9/2020
https://boxd.it/2aR8,122,7/27/2020
https://boxd.it/1W4G,125,10/9/2020
https://boxd.it/1JAY,103,10/9/2020
https://boxd.it/1Tp2,94,10/9/2020
https://boxd.it/17uy,111,10/9/2020
https://boxd.it/1S0A,100,10/9/2020
https://boxd.it/4JQS,126,10/9/2020
https://boxd.it/4JQI,137,10/9/2020
https://boxd.it/TfE,91,10/16/2020
https://boxd.it/2ad8,121,10/26/2020
https://boxd.it/22r2,126,11/9/2020
https://boxd.it/e0qK,114,1/30/2021
https://boxd.it/ayYy,123,6/27/2021
https://boxd.it/H16,135,6/28/2021
https://boxd.it/dqsU,143,7/26/2021
https://boxd.it/2aZc,105,9/9/2021
https://boxd.it/fcFu,102,9/27/2021
https://boxd.it/hla0,98,9/27/2021
https://boxd.it/npKI,108,9/27/2021
https://boxd.it/29vU,130,10/10/2021
https://boxd.it/28yI,129,10/10/2021
https://boxd.it/2be2,143,10/10/2021
https://boxd.it/29WG,113,10/10/2021
https://boxd.it/2aH8,161,10/18/2021
https://boxd.it/eDGs,177,10/18/2021
https://boxd.it/29TM,94,10/22/2021
https://boxd.it/29ki,87,10/22/2021
https://boxd.it/29Fq,238,10/22/2021
https://boxd.it/29ic,125,10/22/2021
https://boxd.it/29oY,103,10/22/2021
https://boxd.it/29YW,110,10/22/2021
https://boxd.it/297o,147,10/22/2021
https://boxd.it/ioLA,101,10/22/2021
https://boxd.it/kn3w,130,10/22/2021
https://boxd.it/mulc,85,10/22/2021
https://boxd.it/u7AY,88,10/22/2021
https://boxd.it/bbKg,134,10/22/2021
https://boxd.it/b5Dy,116,10/22/2021
https://boxd.it/28Ua,118,10/24/2021
https://boxd.it/28Tw,99,10/24/2021
https://boxd.it/28T2,91,10/24/2021
https://boxd.it/28SS,104,10/24/2021
https://boxd.it/2aY4,108,10/24/2021
https://boxd.it/2bg8,170,10/24/2021
https://boxd.it/291q,101,10/24/2021
https://boxd.it/20Pc,92,10/24/2021
https://boxd.it/1d9m,107,10/24/2021
https://boxd.it/a2qk,133,10/24/2021
https://boxd.it/hgl8,130,10/24/2021
https://boxd.it/1XR0,137,10/25/2021
https://boxd.it/26u0,105,10/25/2021
https://boxd.it/2a3M,125,10/25/2021
https://boxd.it/1PcS,116,10/25/2021
https://boxd.it/bPS,87,10/25/2021
https://boxd.it/fup0,124,10/25/2021
https://boxd.it/lV0S,130,10/25/2021
https://boxd.it/9twC,144,10/25/2021
https://boxd.it/2a1Q,117,10/30/2021
https://boxd.it/28xA,130,10/31/2021
https://boxd.it/2a20,110,10/31/2021
https://boxd.it/2axi,207,10/31/2021
https://boxd.it/2a2E,129,10/31/2021
https://boxd.it/2wRE,228,10/31/2021
https://boxd.it/1MLK,174,10/31/2021
https://boxd.it/29jk,200,10/31/2021
https://boxd.it/29Vy,111,10/31/2021
https://boxd.it/25A2,185,10/31/2021
https://boxd.it/6ZS,147,10/31/2021
https://boxd.it/294O,109,10/31/2021
https://boxd.it/26EY,99,10/31/2021
https://boxd.it/29W2,96,10/31/2021
https://boxd.it/2aii,125,10/31/2021
https://boxd.it/28Ew,130,10/31/2021
https://boxd.it/29XE,106,10/31/2021
https://boxd.it/fVqa,102,10/31/2021
https://boxd.it/f9a4,107,10/31/2021
https://boxd.it/g4YK,127,10/31/2021
https://boxd.it/29TC,108,11/1/2021
https://boxd.it/2auI,97,11/1/2021
https://boxd.it/29wo,161,11/1/2021
https://boxd.it/2aRM,136,11/1/2021
https://boxd.it/28dK,151,11/1/2021
https://boxd.it/2aLu,99,11/1/2021
https://boxd.it/1UHQ,93,11/1/2021
https://boxd.it/25To,106,11/1/2021
https://boxd.it/29lU,138,11/1/2021
https://boxd.it/29u8,135,11/1/2021
https://boxd.it/1T6O,183,11/1/2021
https://boxd.it/2a7u,131,11/1/2021
https://boxd.it/261s,108,11/1/2021
https://boxd.it/28zw,124,11/1/2021
https://boxd.it/1XhG,84,11/1/2021
https://boxd.it/2b3e,101,11/1/2021
https://boxd.it/28zG,128,11/1/2021
https://boxd.it/29CQ,124,11/1/2021
https://boxd.it/2b9m,155,11/1/2021
https://boxd.it/f4Pw,124,11/1/2021
https://boxd.it/29Wm,116,11/7/2021
https://boxd.it/ZUy,97,11/7/2021
https://boxd.it/1dJa,178,11/15/2021
https://boxd.it/1jAy,206,11/15/2021
https://boxd.it/1dIQ,190,11/15/2021
https://boxd.it/2a2Y,162,11/15/2021
https://boxd.it/28Q8,107,11/15/2021
https://boxd.it/28PO,162,11/15/2021
https://boxd.it/20dM,100,11/15/2021
https://boxd.it/1w9q,142,11/15/2021
https://boxd.it/25RW,86,11/15/2021
https://boxd.it/1ZHQ,104,11/15/2021
https://boxd.it/27nY,116,11/15/2021
https://boxd.it/24as,92,12/14/2021
https://boxd.it/20WW,105,12/14/2021
https://boxd.it/23um,156,12/16/2021
https://boxd.it/1Ozm,92,12/16/2021
https://boxd.it/2o8m,94,12/16/2021
https://boxd.it/cF0u,121,12/16/2021
https://boxd.it/dRqw,133,12/16/2021
https://boxd.it/lgeu,100,12/16/2021
https://boxd.it/iXBq,115,12/16/2021
https://boxd.it/ceBS,115,12/20/2021
https://boxd.it/n87k,147,12/23/2021
https://boxd.it/nVkC,158,12/23/2021
https://boxd.it/29B4,83,12/29/2021
https://boxd.it/2cAI,130,12/29/2021
https://boxd.it/9Y7S,125,12/29/2021
https://boxd.it/ePFG,114,12/29/2021
https://boxd.it/nZoe,117,12/29/2021
https://boxd.it/2cAo,161,1/8/2022
https://boxd.it/kgww,122,1/8/2022
https://boxd.it/kuy2,130,1/8/2022
https://boxd.it/s0oi,131,1/8/2022
https://boxd.it/f0RS,140,1/8/2022
https://boxd.it/17Fc,143,1/13/2022
https://boxd.it/6bXY,148,1/13/2022
https://boxd.it/wUow,181,1/13/2022
https://boxd.it/20Z2,158,2/1/2022
https://boxd.it/ewPM,86,2/7/2022
https://boxd.it/ipjC,101,2/14/2022
https://boxd.it/lMi4,105,2/14/2022
https://boxd.it/jbkI,107,2/14/2022
https://boxd.it/tbf4,112,2/14/2022
https://boxd.it/qPMG,117,2/14/2022
https://boxd.it/mbB6,126,2/14/2022
https://boxd.it/iJQc,132,2/14/2022
https://boxd.it/mJZ2,145,2/14/2022
https://boxd.it/m0HC,150,2/14/2022
https://boxd.it/iwt0,157,2/14/2022
https://boxd.it/248c,101,2/21/2022
https://boxd.it/bkFu,117,2/21/2022
https://boxd.it/pUfA,-,3/13/2022
https://boxd.it/1Zdc,99,4/6/2022
https://boxd.it/4ive,109,4/6/2022
https://boxd.it/nK2s,137,4/16/2022
https://boxd.it/u2gE,179,4/16/2022
https://boxd.it/pb8O,123,6/12/2022
https://boxd.it/1WgM,133,6/18/2022
https://boxd.it/780m,118,6/18/2022
https://boxd.it/9ghu,112,6/18/2022
https://boxd.it/fz9w,87,8/9/2022
https://boxd.it/vCEY,100,8/9/2022
https://boxd.it/sNBU,100,8/9/2022
https://boxd.it/qV1G,105,8/9/2022
https://boxd.it/mMAY,119,8/9/2022
https://boxd.it/mK4w,159,8/9/2022
https://boxd.it/2490,111,9/23/2022
https://boxd.it/2Pa,158,9/23/2022
https://boxd.it/29PA,137,11/3/2022
https://boxd.it/20zS,114,11/3/2022
https://boxd.it/20zI,109,11/3/2022
https://boxd.it/ta4a,57,11/3/2022
https://boxd.it/1vCw,173,11/13/2022
https://boxd.it/1Mb8,152,11/14/2022
https://boxd.it/tw4c,116,11/14/2022
https://boxd.it/ugoM,151,12/13/2022
https://boxd.it/uNIA,158,12/13/2022
https://boxd.it/igPu,162,12/13/2022
https://boxd.it/mM02,189,12/13/2022
https://boxd.it/hXlq,147,12/14/2022
https://boxd.it/2E2E,192,12/14/2022
https://boxd.it/qW26,126,12/16/2022
https://boxd.it/29gA,120,12/23/2022
https://boxd.it/27TK,136,12/23/2022
https://boxd.it/29EW,102,12/23/2022
https://boxd.it/27GG,113,12/23/2022
https://boxd.it/2MEc,90,12/23/2022
https://boxd.it/2pTS,113,12/23/2022
https://boxd.it/34S2,99,12/23/2022
https://boxd.it/4WDi,105,12/23/2022
https://boxd.it/8Niy,100,12/23/2022
https://boxd.it/9fLy,156,12/23/2022
https://boxd.it/fb0K,93,12/23/2022
https://boxd.it/f42u,96,12/23/2022
https://boxd.it/dZrW,101,12/23/2022
https://boxd.it/kOf0,95,12/23/2022
https://boxd.it/h2c2,108,12/23/2022
https://boxd.it/jpmy,135,12/23/2022
https://boxd.it/ljDs,185,12/23/2022
https://boxd.it/1NTU,135,12/26/2022
https://boxd.it/mxzG,105,12/26/2022
https://boxd.it/sxZc,99,12/26/2022
https://boxd.it/mO8M,111,12/26/2022
https://boxd.it/cjr4,131,12/26/2022
https://boxd.it/ejwM,131,12/26/2022
https://boxd.it/jZze,107,12/27/2022
https://boxd.it/28vu,128,12/30/2022
https://boxd.it/29DO,82,12/31/2022
https://boxd.it/29BI,120,12/31/2022
https://boxd.it/29zM,138,1/2/2023
https://boxd.it/tCQm,120,1/2/2023
https://boxd.it/nL2y,125,1/2/2023
https://boxd.it/kSz4,140,1/2/2023
https://boxd.it/mh48,170,1/2/2023
https://boxd.it/1YzQ,79,1/6/2023
https://boxd.it/2z3W,81,1/6/2023
https://boxd.it/7bvW,76,1/6/2023
https://boxd.it/wBOq,97,1/6/2023
https://boxd.it/if7w,102,1/6/2023
https://boxd.it/aaie,103,1/6/2023
https://boxd.it/p7XS,114,1/6/2023
https://boxd.it/A8Co,135,1/6/2023
https://boxd.it/r9a8,135,1/6/2023
https://boxd.it/rXgK,136,1/6/2023
https://boxd.it/qLxM,141,1/6/2023
https://boxd.it/yoPa,115,1/8/2023
https://boxd.it/24eE,90,1/9/2023
https://boxd.it/1dy2,161,1/9/2023
https://boxd.it/bg7S,121,1/9/2023
https://boxd.it/mViu,123,1/9/2023
https://boxd.it/tLd4,131,1/9/2023
https://boxd.it/2czU,120,1/10/2023
https://boxd.it/lnRy,108,1/10/2023
https://boxd.it/dVI,112,1/11/2023
https://boxd.it/lx5a,96,1/11/2023
https://boxd.it/yvgm,94,1/11/2023
https://boxd.it/y4qa,104,1/11/2023
https://boxd.it/ugw2,96,1/11/2023
https://boxd.it/1DkK,110,1/12/2023
https://boxd.it/1HuY,137,1/12/2023
https://boxd.it/2az4,166,1/12/2023
https://boxd.it/1ZHG,95,1/12/2023
https://boxd.it/5hII,95,1/12/2023
https://boxd.it/4W9M,104,1/13/2023
https://boxd.it/9BgC,97,1/13/2023
https://boxd.it/b5EG,99,1/13/2023
https://boxd.it/buKa,104,1/13/2023
https://boxd.it/2aGE,125,1/15/2023
https://boxd.it/2aYS,115,1/15/2023
https://boxd.it/2aqm,139,1/15/2023
https://boxd.it/2ape,161,1/15/2023
https://boxd.it/29bg,125,1/15/2023
https://boxd.it/2b1i,124,1/15/2023
https://boxd.it/m8Ie,96,1/17/2023
https://boxd.it/1nso,124,1/20/2023
https://boxd.it/29Cc,89,1/20/2023
https://boxd.it/294k,99,1/20/2023
https://boxd.it/ELg,83,1/20/2023
https://boxd.it/1GRM,87,1/20/2023
https://boxd.it/1Wow,86,1/20/2023
https://boxd.it/29tu,128,1/20/2023
https://boxd.it/tbmY,86,1/20/2023
https://boxd.it/w05y,99,1/27/2023
https://boxd.it/251c,143,2/1/2023
https://boxd.it/1RSc,142,2/1/2023
https://boxd.it/1Rio,93,2/1/2023
https://boxd.it/1UlA,124,2/1/2023
https://boxd.it/1Luy,237,2/1/2023
https://boxd.it/npL2,100,2/1/2023
https://boxd.it/txhc,88,2/2/2023
https://boxd.it/tdq4,104,2/2/2023
https://boxd.it/3dqc,106,2/14/2023
https://boxd.it/nHgc,86,2/14/2023
https://boxd.it/tViI,96,2/14/2023
https://boxd.it/2aWi,145,2/23/2023
https://boxd.it/fdo,94,2/23/2023
https://boxd.it/ham,118,2/23/2023
https://boxd.it/6IEK,110,2/23/2023
https://boxd.it/d6YQ,147,2/23/2023
https://boxd.it/gvzC,98,2/23/2023
https://boxd.it/fBa2,102,2/23/2023
https://boxd.it/fcGs,113,2/23/2023
https://boxd.it/hEv2,95,2/23/2023
https://boxd.it/kJyc,91,2/23/2023
https://boxd.it/i7Q4,121,2/23/2023
https://boxd.it/sIVK,80,2/23/2023
https://boxd.it/BH4S,101,2/23/2023
https://boxd.it/kv3a,119,2/23/2023
https://boxd.it/v1vU,119,2/24/2023
https://boxd.it/33Oo,119,2/26/2023
https://boxd.it/1Zu8,139,2/26/2023
https://boxd.it/948A,145,2/26/2023
https://boxd.it/1YHU,110,2/27/2023
https://boxd.it/ipeM,124,2/27/2023
https://boxd.it/2adW,105,2/28/2023
https://boxd.it/29lg,183,3/7/2023
https://boxd.it/2MOG,95,3/7/2023
https://boxd.it/29BS,120,3/7/2023
https://boxd.it/3Icg,127,3/7/2023
https://boxd.it/yv7Y,123,4/5/2023
https://boxd.it/rePK,118,4/5/2023
https://boxd.it/1Ylk,102,4/8/2023
https://boxd.it/FPsm,-,4/8/2023
https://boxd.it/29ZU,91,4/10/2023
https://boxd.it/194M,113,4/10/2023
https://boxd.it/1U3w,97,4/10/2023
https://boxd.it/3mDu,140,4/10/2023
https://boxd.it/gHp0,206,4/10/2023
https://boxd.it/xBoE,-,4/10/2023
https://boxd.it/CIM4,-,4/10/2023
https://boxd.it/erJk,86,5/4/2023
https://boxd.it/fRyO,108,5/4/2023
https://boxd.it/1UDa,103,5/8/2023
https://boxd.it/71E,141,5/8/2023
https://boxd.it/2a8W,178,5/8/2023
https://boxd.it/1Inu,108,5/8/2023
https://boxd.it/bPI,135,5/8/2023
https://boxd.it/7tnw,118,5/8/2023
https://boxd.it/dWO4,151,5/8/2023
https://boxd.it/f5eG,-,5/8/2023
https://boxd.it/29XY,94,5/18/2023
https://boxd.it/drIu,142,5/22/2023
https://boxd.it/ASiE,102,7/15/2023
https://boxd.it/b8vM,155,7/15/2023
https://boxd.it/l7zS,164,7/15/2023
https://boxd.it/376g,101,8/26/2023
https://boxd.it/xjIG,109,8/26/2023
https://boxd.it/ujVk,71,8/27/2023
https://boxd.it/lAFK,101,8/28/2023
https://boxd.it/25zS,122,9/11/2023
https://boxd.it/28QM,106,9/11/2023
https://boxd.it/oNB8,106,9/14/2023
https://boxd.it/AyRY,110,9/14/2023
https://boxd.it/tNWU,141,9/14/2023
https://boxd.it/210a,96,9/15/2023
https://boxd.it/xryY,87,9/15/2023
https://boxd.it/EL1u,91,9/15/2023
https://boxd.it/H1sK,86,9/17/2023
https://boxd.it/bgbq,102,9/24/2023
https://boxd.it/2ahu,113,9/30/2023
https://boxd.it/FuWg,103,9/30/2023
https://boxd.it/1JbY,97,10/1/2023
https://boxd.it/oXWq,134,10/7/2023
https://boxd.it/rXBe,100,10/13/2023
https://boxd.it/v2h0,102,10/13/2023
https://boxd.it/AOpG,106,10/13/2023
https://boxd.it/qKNY,94,11/18/2023
